stat,label,prediction
count,50000.0,50000.0
mean,2.0488,2.1099723136989774
std,1.4793722759490315,1.4705746352113382
min,0.0,-0.04826313629746437
25%,1.0,0.9152904897928238
50%,2.0,2.0551613569259644
75%,4.0,3.3389304876327515
max,4.0,4.169608116149902
