{
    "full_text": "Tax cuts for corporations will result in increased economic activity and job opportunities.",
    "base_values": {
        "left": 0.3242618143558502,
        "center": 0.19378364086151123,
        "right": 0.48195454478263855
    },
    "final_probabilities": {
        "left": 0.556374192237854,
        "center": 0.001406818744726479,
        "right": 0.44221895933151245
    },
    "top_prediction": "Left"
}